VstGMC_01,VstGMC_0009,1,none,razlin.azman@cffresearch.org,2014-04-04,"UoN PhD project Odireleng Molosiwa, supervised by Sean Mayes ",prepublication,razlin.azman@cffresearch.org,,,,,,,,,,
VstGMC_01,VstGMC_0144,2,none,razlin.azman@cffresearch.org,2014-04-04,"UoN PhD project Odireleng Molosiwa, supervised by Sean Mayes ",prepublication,razlin.azman@cffresearch.org,,,,,,,,,,
VstGMC_01,VstGMC_0289,3,none,razlin.azman@cffresearch.org,2014-04-04,"UoN PhD project Odireleng Molosiwa, supervised by Sean Mayes ",prepublication,razlin.azman@cffresearch.org,,,,,,,,,,
VstGMC_01,VstGMC_1276,4,none,razlin.azman@cffresearch.org,2014-04-04,"UoN PhD project Odireleng Molosiwa, supervised by Sean Mayes ",prepublication,razlin.azman@cffresearch.org,,,,,,,,,,
VstGMC_01,VstGMC_0118,5,none,razlin.azman@cffresearch.org,2014-04-04,"UoN PhD project Odireleng Molosiwa, supervised by Sean Mayes ",prepublication,razlin.azman@cffresearch.org,,,,,,,,,,
VstGMC_01,VstGMC_0476,6,none,razlin.azman@cffresearch.org,2014-04-04,"UoN PhD project Odireleng Molosiwa, supervised by Sean Mayes ",prepublication,razlin.azman@cffresearch.org,,,,,,,,,,
VstGMC_01,VstGMC_0484,7,none,razlin.azman@cffresearch.org,2014-04-04,"UoN PhD project Odireleng Molosiwa, supervised by Sean Mayes ",prepublication,razlin.azman@cffresearch.org,,,,,,,,,,
VstGMC_01,VstGMC_0536,8,none,razlin.azman@cffresearch.org,2014-04-04,"UoN PhD project Odireleng Molosiwa, supervised by Sean Mayes ",prepublication,razlin.azman@cffresearch.org,,,,,,,,,,
VstGMC_01,VstGMC_0231,9,none,razlin.azman@cffresearch.org,2014-04-04,"UoN PhD project Odireleng Molosiwa, supervised by Sean Mayes ",prepublication,razlin.azman@cffresearch.org,,,,,,,,,,
VstGMC_01,VstGMC_0790,10,none,razlin.azman@cffresearch.org,2014-04-04,"UoN PhD project Odireleng Molosiwa, supervised by Sean Mayes ",prepublication,razlin.azman@cffresearch.org,,,,,,,,,,
VstGMC_01,VstGMC_0793,11,none,razlin.azman@cffresearch.org,2014-04-04,"UoN PhD project Odireleng Molosiwa, supervised by Sean Mayes ",prepublication,razlin.azman@cffresearch.org,,,,,,,,,,
VstGMC_01,VstGMC_0792,12,none,razlin.azman@cffresearch.org,2014-04-04,"UoN PhD project Odireleng Molosiwa, supervised by Sean Mayes ",prepublication,razlin.azman@cffresearch.org,,,,,,,,,,
VstGMC_01,VstGMC_0089,13,none,razlin.azman@cffresearch.org,2014-04-04,"UoN PhD project Odireleng Molosiwa, supervised by Sean Mayes ",prepublication,razlin.azman@cffresearch.org,,,,,,,,,,
VstGMC_01,VstGMC_0032,14,none,razlin.azman@cffresearch.org,2014-04-04,"UoN PhD project Odireleng Molosiwa, supervised by Sean Mayes ",prepublication,razlin.azman@cffresearch.org,,,,,,,,,,
VstGMC_01,VstGMC_0286,15,none,razlin.azman@cffresearch.org,2014-04-04,"UoN PhD project Odireleng Molosiwa, supervised by Sean Mayes ",prepublication,razlin.azman@cffresearch.org,,,,,,,,,,
VstGMC_01,VstGMC_0329,16,none,razlin.azman@cffresearch.org,2014-04-04,"UoN PhD project Odireleng Molosiwa, supervised by Sean Mayes ",prepublication,razlin.azman@cffresearch.org,,,,,,,,,,
VstGMC_01,VstGMC_0335,17,none,razlin.azman@cffresearch.org,2014-04-04,"UoN PhD project Odireleng Molosiwa, supervised by Sean Mayes ",prepublication,razlin.azman@cffresearch.org,,,,,,,,,,
VstGMC_01,VstGMC_0390,18,none,razlin.azman@cffresearch.org,2014-04-04,"UoN PhD project Odireleng Molosiwa, supervised by Sean Mayes ",prepublication,razlin.azman@cffresearch.org,,,,,,,,,,
VstGMC_01,VstGMC_0385,19,none,razlin.azman@cffresearch.org,2014-04-04,"UoN PhD project Odireleng Molosiwa, supervised by Sean Mayes ",prepublication,razlin.azman@cffresearch.org,,,,,,,,,,
VstGMC_01,VstGMC_0696,20,none,razlin.azman@cffresearch.org,2014-04-04,"UoN PhD project Odireleng Molosiwa, supervised by Sean Mayes ",prepublication,razlin.azman@cffresearch.org,,,,,,,,,,
VstGMC_01,VstGMC_0754,21,none,razlin.azman@cffresearch.org,2014-04-04,"UoN PhD project Odireleng Molosiwa, supervised by Sean Mayes ",prepublication,razlin.azman@cffresearch.org,,,,,,,,,,
VstGMC_01,VstGMC_0753,22,none,razlin.azman@cffresearch.org,2014-04-04,"UoN PhD project Odireleng Molosiwa, supervised by Sean Mayes ",prepublication,razlin.azman@cffresearch.org,,,,,,,,,,
VstGMC_01,VstGMC_1903,23,none,razlin.azman@cffresearch.org,2014-04-04,"UoN PhD project Odireleng Molosiwa, supervised by Sean Mayes ",prepublication,razlin.azman@cffresearch.org,,,,,,,,,,
VstGMC_01,VstGMC_UNIS,24,none,razlin.azman@cffresearch.org,2014-04-04,"UoN PhD project Odireleng Molosiwa, supervised by Sean Mayes ",prepublication,razlin.azman@cffresearch.org,,,,,,,,,,
VstGMC_01,VstGMC_0968,25,none,razlin.azman@cffresearch.org,2014-04-04,"UoN PhD project Odireleng Molosiwa, supervised by Sean Mayes ",prepublication,razlin.azman@cffresearch.org,,,,,,,,,,
VstGMC_01,VstGMC_DODR,26,none,razlin.azman@cffresearch.org,2014-04-04,"UoN PhD project Odireleng Molosiwa, supervised by Sean Mayes ",prepublication,razlin.azman@cffresearch.org,,,,,,,,,,
VstGMC_01,VstGMC_0042,27,none,razlin.azman@cffresearch.org,2014-04-04,"UoN PhD project Odireleng Molosiwa, supervised by Sean Mayes ",prepublication,razlin.azman@cffresearch.org,,,,,,,,,,
VstGMC_01,VstGMC_0016,28,none,razlin.azman@cffresearch.org,2014-04-04,"UoN PhD project Odireleng Molosiwa, supervised by Sean Mayes ",prepublication,razlin.azman@cffresearch.org,,,,,,,,,,
VstGMC_01,VstGMC_1913,29,none,razlin.azman@cffresearch.org,2014-04-04,"UoN PhD project Odireleng Molosiwa, supervised by Sean Mayes ",prepublication,razlin.azman@cffresearch.org,,,,,,,,,,
VstGMC_01,VstGMC_MHNB,30,none,razlin.azman@cffresearch.org,2014-04-04,"UoN PhD project Odireleng Molosiwa, supervised by Sean Mayes ",prepublication,razlin.azman@cffresearch.org,,,,,,,,,,
VstGMC_01,VstGMC_BWA1,31,none,razlin.azman@cffresearch.org,2014-04-04,"UoN PhD project Odireleng Molosiwa, supervised by Sean Mayes ",prepublication,razlin.azman@cffresearch.org,,,,,,,,,,
VstGMC_01,VstGMC_BWA5,32,none,razlin.azman@cffresearch.org,2014-04-04,"UoN PhD project Odireleng Molosiwa, supervised by Sean Mayes ",prepublication,razlin.azman@cffresearch.org,,,,,,,,,,
VstGMC_01,VstGMC_0006,33,none,razlin.azman@cffresearch.org,2014-04-04,"UoN PhD project Odireleng Molosiwa, supervised by Sean Mayes ",prepublication,razlin.azman@cffresearch.org,,,,,,,,,,
VstGMC_01,VstGMC_RAMY,34,none,razlin.azman@cffresearch.org,2014-04-04,"UoN PhD project Odireleng Molosiwa, supervised by Sean Mayes ",prepublication,razlin.azman@cffresearch.org,,,,,,,,,,
VstGMC_01,VstGMC_HYBD,35,none,razlin.azman@cffresearch.org,2014-04-04,"UoN PhD project Odireleng Molosiwa, supervised by Sean Mayes ",prepublication,razlin.azman@cffresearch.org,,,,,,,,,,
VstGNL01,VstGNL_0009,1,none,razlin.azman@cffresearch.org,2014-04-04,"UoN PhD project Odireleng Molosiwa, supervised by Sean Mayes ",prepublication,razlin.azman@cffresearch.org,,,,,,,,,,
VstGNL01,VstGNL_0144,2,none,razlin.azman@cffresearch.org,2014-04-04,"UoN PhD project Odireleng Molosiwa, supervised by Sean Mayes ",prepublication,razlin.azman@cffresearch.org,,,,,,,,,,
VstGNL01,VstGNL_0289,3,none,razlin.azman@cffresearch.org,2014-04-04,"UoN PhD project Odireleng Molosiwa, supervised by Sean Mayes ",prepublication,razlin.azman@cffresearch.org,,,,,,,,,,
VstGNL01,VstGNL_1276,4,none,razlin.azman@cffresearch.org,2014-04-04,"UoN PhD project Odireleng Molosiwa, supervised by Sean Mayes ",prepublication,razlin.azman@cffresearch.org,,,,,,,,,,
VstGNL01,VstGNL_0118,5,none,razlin.azman@cffresearch.org,2014-04-04,"UoN PhD project Odireleng Molosiwa, supervised by Sean Mayes ",prepublication,razlin.azman@cffresearch.org,,,,,,,,,,
VstGNL01,VstGNL_0476,6,none,razlin.azman@cffresearch.org,2014-04-04,"UoN PhD project Odireleng Molosiwa, supervised by Sean Mayes ",prepublication,razlin.azman@cffresearch.org,,,,,,,,,,
VstGNL01,VstGNL_0484,7,none,razlin.azman@cffresearch.org,2014-04-04,"UoN PhD project Odireleng Molosiwa, supervised by Sean Mayes ",prepublication,razlin.azman@cffresearch.org,,,,,,,,,,
VstGNL01,VstGNL_0536,8,none,razlin.azman@cffresearch.org,2014-04-04,"UoN PhD project Odireleng Molosiwa, supervised by Sean Mayes ",prepublication,razlin.azman@cffresearch.org,,,,,,,,,,
VstGNL01,VstGNL_0231,9,none,razlin.azman@cffresearch.org,2014-04-04,"UoN PhD project Odireleng Molosiwa, supervised by Sean Mayes ",prepublication,razlin.azman@cffresearch.org,,,,,,,,,,
VstGNL01,VstGNL_0790,10,none,razlin.azman@cffresearch.org,2014-04-04,"UoN PhD project Odireleng Molosiwa, supervised by Sean Mayes ",prepublication,razlin.azman@cffresearch.org,,,,,,,,,,
VstGNL01,VstGNL_0792,11,none,razlin.azman@cffresearch.org,2014-04-04,"UoN PhD project Odireleng Molosiwa, supervised by Sean Mayes ",prepublication,razlin.azman@cffresearch.org,,,,,,,,,,
VstGNL01,VstGNL_0089,12,none,razlin.azman@cffresearch.org,2014-04-04,"UoN PhD project Odireleng Molosiwa, supervised by Sean Mayes ",prepublication,razlin.azman@cffresearch.org,,,,,,,,,,
VstGNL01,VstGNL_0032,13,none,razlin.azman@cffresearch.org,2014-04-04,"UoN PhD project Odireleng Molosiwa, supervised by Sean Mayes ",prepublication,razlin.azman@cffresearch.org,,,,,,,,,,
VstGNL01,VstGNL_0286,14,none,razlin.azman@cffresearch.org,2014-04-04,"UoN PhD project Odireleng Molosiwa, supervised by Sean Mayes ",prepublication,razlin.azman@cffresearch.org,,,,,,,,,,
VstGNL01,VstGNL_0329,15,none,razlin.azman@cffresearch.org,2014-04-04,"UoN PhD project Odireleng Molosiwa, supervised by Sean Mayes ",prepublication,razlin.azman@cffresearch.org,,,,,,,,,,
VstGNL01,VstGNL_0335,16,none,razlin.azman@cffresearch.org,2014-04-04,"UoN PhD project Odireleng Molosiwa, supervised by Sean Mayes ",prepublication,razlin.azman@cffresearch.org,,,,,,,,,,
VstGNL01,VstGNL_0390,17,none,razlin.azman@cffresearch.org,2014-04-04,"UoN PhD project Odireleng Molosiwa, supervised by Sean Mayes ",prepublication,razlin.azman@cffresearch.org,,,,,,,,,,
VstGNL01,VstGNL_0385,18,none,razlin.azman@cffresearch.org,2014-04-04,"UoN PhD project Odireleng Molosiwa, supervised by Sean Mayes ",prepublication,razlin.azman@cffresearch.org,,,,,,,,,,
VstGNL01,VstGNL_0696,19,none,razlin.azman@cffresearch.org,2014-04-04,"UoN PhD project Odireleng Molosiwa, supervised by Sean Mayes ",prepublication,razlin.azman@cffresearch.org,,,,,,,,,,
VstGNL01,VstGNL_0754,20,none,razlin.azman@cffresearch.org,2014-04-04,"UoN PhD project Odireleng Molosiwa, supervised by Sean Mayes ",prepublication,razlin.azman@cffresearch.org,,,,,,,,,,
VstGNL01,VstGNL_0753,21,none,razlin.azman@cffresearch.org,2014-04-04,"UoN PhD project Odireleng Molosiwa, supervised by Sean Mayes ",prepublication,razlin.azman@cffresearch.org,,,,,,,,,,
VstGNL01,VstGNL_1903,22,none,razlin.azman@cffresearch.org,2014-04-04,"UoN PhD project Odireleng Molosiwa, supervised by Sean Mayes ",prepublication,razlin.azman@cffresearch.org,,,,,,,,,,
VstGNL01,VstGNL_UNIS,23,none,razlin.azman@cffresearch.org,2014-04-04,"UoN PhD project Odireleng Molosiwa, supervised by Sean Mayes ",prepublication,razlin.azman@cffresearch.org,,,,,,,,,,
VstGNL01,VstGNL_0968,24,none,razlin.azman@cffresearch.org,2014-04-04,"UoN PhD project Odireleng Molosiwa, supervised by Sean Mayes ",prepublication,razlin.azman@cffresearch.org,,,,,,,,,,
VstGNL01,VstGNL_1913,25,none,razlin.azman@cffresearch.org,2014-04-04,"UoN PhD project Odireleng Molosiwa, supervised by Sean Mayes ",prepublication,razlin.azman@cffresearch.org,,,,,,,,,,
VstGNL01,VstGNL_MHNB,26,none,razlin.azman@cffresearch.org,2014-04-04,"UoN PhD project Odireleng Molosiwa, supervised by Sean Mayes ",prepublication,razlin.azman@cffresearch.org,,,,,,,,,,
VstGNL01,VstGNL_BWA1,27,none,razlin.azman@cffresearch.org,2014-04-04,"UoN PhD project Odireleng Molosiwa, supervised by Sean Mayes ",prepublication,razlin.azman@cffresearch.org,,,,,,,,,,
VstGNL01,VstGNL_BWA5,28,none,razlin.azman@cffresearch.org,2014-04-04,"UoN PhD project Odireleng Molosiwa, supervised by Sean Mayes ",prepublication,razlin.azman@cffresearch.org,,,,,,,,,,
VstGNL01,VstGNL_0006,29,none,razlin.azman@cffresearch.org,2014-04-04,"UoN PhD project Odireleng Molosiwa, supervised by Sean Mayes ",prepublication,razlin.azman@cffresearch.org,,,,,,,,,,
VstGNL01,VstGNL_RAMY,30,none,razlin.azman@cffresearch.org,2014-04-04,"UoN PhD project Odireleng Molosiwa, supervised by Sean Mayes ",prepublication,razlin.azman@cffresearch.org,,,,,,,,,,
VstGNL01,VstGNL_HYBD,31,none,razlin.azman@cffresearch.org,2014-04-04,"UoN PhD project Odireleng Molosiwa, supervised by Sean Mayes ",prepublication,razlin.azman@cffresearch.org,,,,,,,,,,
,,,,,,,,,,,,,,,,,,
,,,,,,,,,,,,,,,,,,
,,,,,,,,,,,,,,,,,,
,,,,,,,,,,,,,,,,,,
,,,,,,,,,,,,,,,,,,
,,,,,,,,,,,,,,,,,,
,,,,,,,,,,,,,,,,,,
,,,,,,,,,,,,,,,,,,
,,,,,,,,,,,,,,,,,,
,,,,,,,,,,,,,,,,,,
,,,,,,,,,,,,,,,,,,
,,,,,,,,,,,,,,,,,,
,,,,,,,,,,,,,,,,,,
,,,,,,,,,,,,,,,,,,
,,,,,,,,,,,,,,,,,,
,,,,,,,,,,,,,,,,,,
,,,,,,,,,,,,,,,,,,
,,,,,,,,,,,,,,,,,,
,,,,,,,,,,,,,,,,,,
,,,,,,,,,,,,,,,,,,
,,,,,,,,,,,,,,,,,,
,,,,,,,,,,,,,,,,,,
,,,,,,,,,,,,,,,,,,
,,,,,,,,,,,,,,,,,,
,,,,,,,,,,,,,,,,,,
,,,,,,,,,,,,,,,,,,
,,,,,,,,,,,,,,,,,,
,,,,,,,,,,,,,,,,,,
,,,,,,,,,,,,,,,,,,
,,,,,,,,,,,,,,,,,,
